{"cameraMode":{"drawMode":0,"name":"Shaded","section":"Shading Mode"},"sceneLighting":false,"audioPlay":false,"sceneViewState":{"showFog":true,"showMaterialUpdate":false,"showSkybox":false,"showFlares":true,"showImageEffects":true,"showParticleSystems":true},"in2DMode":false,"pivot":{"x":0.7177734375,"y":0.82373046875,"z":0.04541015625},"rotation":{"x":0.42909038066864016,"y":-0.12984615564346314,"z":0.06248553469777107,"w":0.8916977047920227},"size":3.973856210708618,"orthographic":true}